nav.bearing,nav.cmdYaw,nav.snr,wpNav.state,wpNav.wpIdx,nav.gradAng,nav.gradR2,wlsCtrl.mapSize,timestamp_ms,stateEstimate.x,stateEstimate.y,pm.vbat
-15.648677825927734,-14.58349609375,20.62683868408203,0,0,0.0,0.0,3,128370,-0.01198593806475401,0.08186690509319305,3.2991201877593994
-15.648677825927734,-14.58349609375,20.62683868408203,0,0,0.0,0.0,3,128470,-0.010725054889917374,0.0820639505982399,3.399413585662842
-15.648677825927734,-14.58349609375,20.62683868408203,0,0,0.0,0.0,3,128570,-0.01259005069732666,0.08218909054994583,3.4258065223693848
-15.648677825927734,-14.58349609375,20.62683868408203,0,0,0.0,0.0,3,128670,-0.010910757817327976,0.08226879686117172,3.4310851097106934
-15.855852127075195,-14.40631103515625,17.02901268005371,0,0,0.0,0.0,3,128770,-0.01179517898708582,0.08267707377672195,3.436363697052002
-15.855852127075195,-14.40631103515625,17.02901268005371,0,0,0.0,0.0,3,128870,-0.011366321705281734,0.08228202164173126,3.4310851097106934
-15.855852127075195,-14.40631103515625,17.02901268005371,0,0,0.0,0.0,3,128970,-0.010939556173980236,0.08208555728197098,3.436363697052002
-15.855852127075195,-14.40631103515625,17.02901268005371,0,0,0.0,0.0,3,129070,-0.011605273000895977,0.08228623121976852,3.436363697052002
-15.855852127075195,-14.40631103515625,17.02901268005371,0,0,0.0,0.0,3,129170,-0.012549336068332195,0.08228550851345062,3.436363697052002
-15.987395286560059,-14.34722900390625,19.74422836303711,0,0,0.0,0.0,3,129270,-0.012793570756912231,0.08255026489496231,3.4310851097106934
-15.987395286560059,-14.34722900390625,19.74422836303711,0,0,0.0,0.0,3,129370,-0.01155528798699379,0.08135029673576355,3.4310851097106934
-15.987395286560059,-14.34722900390625,19.74422836303711,0,0,0.0,0.0,3,129470,-0.010789688676595688,0.0824182778596878,3.4310851097106934
-15.987395286560059,-14.34722900390625,19.74422836303711,0,0,0.0,0.0,3,129570,-0.011646375991404057,0.0823637917637825,3.4310851097106934
-15.987395286560059,-14.34722900390625,19.74422836303711,0,0,0.0,0.0,3,129670,-0.011421764269471169,0.0826806128025055,3.4310851097106934
-15.987395286560059,-14.34722900390625,19.74422836303711,0,0,0.0,0.0,3,129770,-0.01169323269277811,0.08268851041793823,3.4310851097106934
-16.076202392578125,-14.336181640625,18.11488914489746,0,0,0.0,0.0,3,129870,-0.010921257548034191,0.08220795542001724,3.4310851097106934
-16.076202392578125,-14.336181640625,18.11488914489746,0,0,0.0,0.0,3,129970,-0.012656732462346554,0.08260274678468704,3.4310851097106934
-16.076202392578125,-14.336181640625,18.11488914489746,0,0,0.0,0.0,3,130070,-0.011657864786684513,0.0824127048254013,3.4310851097106934
-16.076202392578125,-14.336181640625,18.11488914489746,0,0,0.0,0.0,3,130170,-0.012980727478861809,0.08206597715616226,3.4310851097106934
-16.076202392578125,-14.336181640625,18.11488914489746,0,0,0.0,0.0,3,130270,-0.010934586636722088,0.08243180066347122,3.4310851097106934
-15.929781913757324,-13.6331787109375,17.993520736694336,0,0,0.0,0.0,3,130370,-0.011654549278318882,0.08240827172994614,3.4310851097106934
-15.929781913757324,-13.6331787109375,17.993520736694336,0,0,0.0,0.0,3,130470,-0.01097937487065792,0.08241651952266693,3.4310851097106934
-15.929781913757324,-13.6331787109375,17.993520736694336,0,0,0.0,0.0,3,130570,-0.01072183158248663,0.08270291239023209,3.4310851097106934
-15.929781913757324,-13.6331787109375,17.993520736694336,0,0,0.0,0.0,3,130670,-0.012239008210599422,0.08267264813184738,3.4258065223693848
-15.929781913757324,-13.6331787109375,17.993520736694336,0,0,0.0,0.0,3,130770,-0.01109455619007349,0.08270563930273056,3.4258065223693848
-15.71224308013916,-13.241485595703125,17.91756248474121,0,0,0.0,0.0,3,130870,-0.012058724649250507,0.08338935673236847,3.4310851097106934
-15.71224308013916,-13.241485595703125,17.91756248474121,0,0,0.0,0.0,3,130970,-0.012354656122624874,0.08341348171234131,3.4310851097106934
-15.71224308013916,-13.241485595703125,17.91756248474121,0,0,0.0,0.0,3,131070,-0.011854817159473896,0.08271414786577225,3.4258065223693848
-15.71224308013916,-13.241485595703125,17.91756248474121,0,0,0.0,0.0,3,131170,-0.011121673509478569,0.0827917531132698,3.4258065223693848
-15.71224308013916,-13.241485595703125,17.91756248474121,0,0,0.0,0.0,3,131270,-0.01162426732480526,0.08330985903739929,3.4258065223693848
-15.761791229248047,-13.89727783203125,18.297313690185547,0,0,0.0,0.0,3,131370,-0.011854917742311954,0.08299019932746887,3.4258065223693848
-15.761791229248047,-13.89727783203125,18.297313690185547,0,0,0.0,0.0,3,131470,-0.010791802778840065,0.08302215486764908,3.4310851097106934
-15.761791229248047,-13.89727783203125,18.297313690185547,0,0,0.0,0.0,3,131570,-0.011120940558612347,0.0825214833021164,3.4310851097106934
-15.761791229248047,-13.89727783203125,18.297313690185547,0,0,0.0,0.0,3,131670,-0.012221906334161758,0.08279845118522644,3.4258065223693848
-15.761791229248047,-13.89727783203125,18.297313690185547,0,0,0.0,0.0,3,131770,-0.011303438805043697,0.08317732810974121,3.4310851097106934
-15.761791229248047,-13.89727783203125,18.297313690185547,0,0,0.0,0.0,3,131870,-0.012343763373792171,0.08366429060697556,3.4310851097106934
-15.620790481567383,-13.31695556640625,18.683547973632812,0,0,0.0,0.0,3,131970,-0.011327996850013733,0.08314035832881927,3.4258065223693848
-15.620790481567383,-13.31695556640625,18.683547973632812,0,0,0.0,0.0,3,132070,-0.012687502428889275,0.08374503999948502,3.4258065223693848
-15.620790481567383,-13.31695556640625,18.683547973632812,0,0,0.0,0.0,3,132170,-0.010994251817464828,0.08346697688102722,3.4258065223693848
-15.620790481567383,-13.31695556640625,18.683547973632812,0,0,0.0,0.0,3,132270,-0.011296340264379978,0.083152174949646,3.4310851097106934
-15.620790481567383,-13.31695556640625,18.683547973632812,0,0,0.0,0.0,3,132370,-0.011641999706625938,0.08375269919633865,3.4258065223693848
-15.27574634552002,-12.492645263671875,19.567781448364258,0,0,0.0,0.0,3,132470,-0.01252188440412283,0.08375392854213715,3.4258065223693848
-15.27574634552002,-12.492645263671875,19.567781448364258,0,0,0.0,0.0,3,132570,-0.012714472599327564,0.08382973074913025,3.4258065223693848
-15.27574634552002,-12.492645263671875,19.567781448364258,0,0,0.0,0.0,3,132671,-0.012611492536962032,0.08381383866071701,3.4258065223693848
-15.27574634552002,-12.492645263671875,19.567781448364258,0,0,0.0,0.0,3,132770,-0.012596914544701576,0.08388348668813705,3.4258065223693848
-15.27574634552002,-12.492645263671875,19.567781448364258,0,0,0.0,0.0,3,132870,-0.012283234857022762,0.08390802145004272,3.4258065223693848
-15.207457542419434,-13.074005126953125,21.573101043701172,0,0,0.0,0.0,3,132970,-0.012262260541319847,0.08357947319746017,3.420527935028076
-15.207457542419434,-13.074005126953125,21.573101043701172,0,0,0.0,0.0,3,133070,-0.011982082389295101,0.08393030613660812,3.4258065223693848
-15.207457542419434,-13.074005126953125,21.573101043701172,0,0,0.0,0.0,3,133170,-0.012060104869306087,0.08401528745889664,3.4258065223693848
-15.207457542419434,-13.074005126953125,21.573101043701172,0,0,0.0,0.0,3,133270,-0.012107951566576958,0.0839737057685852,3.4258065223693848
-15.207457542419434,-13.074005126953125,21.573101043701172,0,0,0.0,0.0,3,133370,-0.012632985599339008,0.08369419723749161,3.4258065223693848
-15.207457542419434,-13.074005126953125,21.573101043701172,0,0,0.0,0.0,3,133470,-0.01283442322164774,0.08398785442113876,3.4258065223693848
-15.135909080505371,-12.984649658203125,21.398576736450195,0,0,0.0,0.0,3,133570,-0.012284539639949799,0.08404546976089478,3.4258065223693848
-15.135909080505371,-12.984649658203125,21.398576736450195,0,0,0.0,0.0,3,133670,-0.011644975282251835,0.08378978818655014,3.4258065223693848
-15.135909080505371,-12.984649658203125,21.398576736450195,0,0,0.0,0.0,3,133770,-0.013006330467760563,0.08411907404661179,3.4258065223693848
-15.135909080505371,-12.984649658203125,21.398576736450195,0,0,0.0,0.0,3,133870,-0.012658325023949146,0.08410388976335526,3.4258065223693848
-15.135909080505371,-12.984649658203125,21.398576736450195,0,0,0.0,0.0,3,133970,-0.01240285113453865,0.08420412242412567,3.4258065223693848
-14.913829803466797,-12.415313720703125,19.981435775756836,0,0,0.0,0.0,3,134070,-0.012733763083815575,0.0841977521777153,3.4258065223693848
-14.913829803466797,-12.415313720703125,19.981435775756836,0,0,0.0,0.0,3,134170,-0.012414186261594296,0.08421219885349274,3.420527935028076
-14.913829803466797,-12.415313720703125,19.981435775756836,0,0,0.0,0.0,3,134270,-0.012797586619853973,0.0842171162366867,3.4258065223693848
-14.913829803466797,-12.415313720703125,19.981435775756836,0,0,0.0,0.0,3,134370,-0.012600819580256939,0.08434492349624634,3.4258065223693848
-14.913829803466797,-12.415313720703125,19.981435775756836,0,0,0.0,0.0,3,134470,-0.013063130900263786,0.08433789759874344,3.4258065223693848
-15.113945960998535,-13.595062255859375,20.019453048706055,0,0,0.0,0.0,3,134570,-0.011496060527861118,0.08364028483629227,3.4258065223693848
-15.113945960998535,-13.595062255859375,20.019453048706055,0,0,0.0,0.0,3,134670,-0.012866216711699963,0.08426238596439362,3.4258065223693848
-15.113945960998535,-13.595062255859375,20.019453048706055,0,0,0.0,0.0,3,134770,-0.01161933969706297,0.08397478610277176,3.420527935028076
-15.113945960998535,-13.595062255859375,20.019453048706055,0,0,0.0,0.0,3,134870,-0.013025397434830666,0.08428192138671875,3.4258065223693848
-15.113945960998535,-13.595062255859375,20.019453048706055,0,0,0.0,0.0,3,134970,-0.012657113373279572,0.08424337208271027,3.4258065223693848
-15.372966766357422,-13.9959716796875,18.31073570251465,0,0,0.0,0.0,3,135070,-0.012689316645264626,0.08428643643856049,3.420527935028076
-15.372966766357422,-13.9959716796875,18.31073570251465,0,0,0.0,0.0,3,135170,-0.013224932365119457,0.08431141823530197,3.420527935028076
-15.372966766357422,-13.9959716796875,18.31073570251465,0,0,0.0,0.0,3,135270,-0.013608260080218315,0.08427993208169937,3.420527935028076
-15.372966766357422,-13.9959716796875,18.31073570251465,0,0,0.0,0.0,3,135370,-0.013096017763018608,0.08427251130342484,3.420527935028076
-15.372966766357422,-13.9959716796875,18.31073570251465,0,0,0.0,0.0,3,135470,-0.012755626812577248,0.08430851995944977,3.4258065223693848
-15.372966766357422,-13.9959716796875,18.31073570251465,0,0,0.0,0.0,3,135570,-0.012808384373784065,0.08431001007556915,3.420527935028076
-15.382808685302734,-13.417144775390625,18.481430053710938,0,0,0.0,0.0,3,135670,-0.012281853705644608,0.08435256779193878,3.420527935028076
-15.382808685302734,-13.417144775390625,18.481430053710938,0,0,0.0,0.0,3,135770,-0.013507375493645668,0.08413159847259521,3.420527935028076
-15.382808685302734,-13.417144775390625,18.481430053710938,0,0,0.0,0.0,3,135870,-0.012721248902380466,0.08407174050807953,3.420527935028076
-15.382808685302734,-13.417144775390625,18.481430053710938,0,0,0.0,0.0,3,135970,-0.013797729276120663,0.08407111465930939,3.420527935028076
-15.382808685302734,-13.417144775390625,18.481430053710938,0,0,0.0,0.0,3,136070,-0.01383121870458126,0.0841420367360115,3.420527935028076
-15.649886131286621,-14.280059814453125,17.73241424560547,0,0,0.0,0.0,3,136170,-0.012724097818136215,0.08421111106872559,3.420527935028076
-15.649886131286621,-14.280059814453125,17.73241424560547,0,0,0.0,0.0,3,136270,-0.01278910506516695,0.084300197660923,3.420527935028076
-15.649886131286621,-14.280059814453125,17.73241424560547,0,0,0.0,0.0,3,136370,-0.013608916662633419,0.0842539519071579,3.420527935028076
-15.649886131286621,-14.280059814453125,17.73241424560547,0,0,0.0,0.0,3,136470,-0.013159764930605888,0.08429907262325287,3.420527935028076
-15.649886131286621,-14.280059814453125,17.73241424560547,0,0,0.0,0.0,3,136570,-0.01244332641363144,0.08433584123849869,3.420527935028076
-15.493569374084473,-13.143463134765625,20.897918701171875,0,0,0.0,0.0,3,136670,-0.012796636670827866,0.08432887494564056,3.4152493476867676
-15.493569374084473,-13.143463134765625,20.897918701171875,0,0,0.0,0.0,3,136770,-0.013042026199400425,0.08421898633241653,3.420527935028076
-15.493569374084473,-13.143463134765625,20.897918701171875,0,0,0.0,0.0,3,136870,-0.01236242987215519,0.0842677503824234,3.420527935028076
-15.493569374084473,-13.143463134765625,20.897918701171875,0,0,0.0,0.0,3,136970,-0.0128854401409626,0.08425327390432358,3.420527935028076
-15.493569374084473,-13.143463134765625,20.897918701171875,0,0,0.0,0.0,3,137070,-0.012402930296957493,0.08426637202501297,3.420527935028076
-15.579793930053711,-13.789947509765625,19.084888458251953,0,0,0.0,0.0,3,137170,-0.012775829061865807,0.08426128327846527,3.420527935028076
-15.579793930053711,-13.789947509765625,19.084888458251953,0,0,0.0,0.0,3,137270,-0.012779639102518559,0.08428575843572617,3.420527935028076
-15.579793930053711,-13.789947509765625,19.084888458251953,0,0,0.0,0.0,3,137370,-0.012728648260235786,0.08427450805902481,3.420527935028076
-15.579793930053711,-13.789947509765625,19.084888458251953,0,0,0.0,0.0,3,137470,-0.012818720191717148,0.08430583029985428,3.420527935028076
-15.579793930053711,-13.789947509765625,19.084888458251953,0,0,0.0,0.0,3,137570,-0.012878680601716042,0.08432527631521225,3.420527935028076
-15.579793930053711,-13.789947509765625,19.084888458251953,0,0,0.0,0.0,3,137670,-0.012592735700309277,0.08432129770517349,3.420527935028076
-15.368096351623535,-12.873260498046875,18.502239227294922,0,0,0.0,0.0,3,137770,-0.01327153667807579,0.08432705700397491,3.420527935028076
-15.368096351623535,-12.873260498046875,18.502239227294922,0,0,0.0,0.0,3,137870,-0.01263682171702385,0.08438526093959808,3.420527935028076
-15.368096351623535,-12.873260498046875,18.502239227294922,0,0,0.0,0.0,3,137970,-0.01307551097124815,0.08434011787176132,3.420527935028076
-15.368096351623535,-12.873260498046875,18.502239227294922,0,0,0.0,0.0,3,138070,-0.013627596199512482,0.08432424813508987,3.420527935028076
-15.368096351623535,-12.873260498046875,18.502239227294922,0,0,0.0,0.0,3,138170,-0.012714673765003681,0.08434838056564331,3.420527935028076
-15.438006401062012,-13.59344482421875,19.835874557495117,0,0,0.0,0.0,3,138270,-0.012702657841145992,0.0844222903251648,3.420527935028076
-15.438006401062012,-13.59344482421875,19.835874557495117,0,0,0.0,0.0,3,138370,-0.013220956549048424,0.08447226881980896,3.420527935028076
-15.438006401062012,-13.59344482421875,19.835874557495117,0,0,0.0,0.0,3,138470,-0.013342759571969509,0.08453967422246933,3.420527935028076
-15.438006401062012,-13.59344482421875,19.835874557495117,0,0,0.0,0.0,3,138570,-0.01368781365454197,0.08453492075204849,3.420527935028076
-15.438006401062012,-13.59344482421875,19.835874557495117,0,0,0.0,0.0,3,138670,-0.012671809643507004,0.08491303771734238,3.4152493476867676
-15.516302108764648,-13.6834716796875,23.59684181213379,0,0,0.0,0.0,3,138770,-0.012639819644391537,0.08492285013198853,3.4152493476867676
-15.516302108764648,-13.6834716796875,23.59684181213379,0,0,0.0,0.0,3,138870,-0.013089126907289028,0.08493367582559586,3.420527935028076
-15.516302108764648,-13.6834716796875,23.59684181213379,0,0,0.0,0.0,3,138970,-0.013104664161801338,0.08450175076723099,3.420527935028076
-15.516302108764648,-13.6834716796875,23.59684181213379,0,0,0.0,0.0,3,139070,-0.01265421137213707,0.0845174714922905,3.420527935028076
-15.516302108764648,-13.6834716796875,23.59684181213379,0,0,0.0,0.0,3,139170,-0.013412346132099628,0.08447396010160446,3.4152493476867676
-15.516302108764648,-13.6834716796875,23.59684181213379,0,0,0.0,0.0,3,139270,-0.013017908670008183,0.08443823456764221,3.420527935028076
-15.344329833984375,-12.916107177734375,17.698684692382812,0,0,0.0,0.0,3,139370,-0.013079337775707245,0.08447699248790741,3.4152493476867676
-15.344329833984375,-12.916107177734375,17.698684692382812,0,0,0.0,0.0,3,139470,-0.013055546209216118,0.08451245725154877,3.420527935028076
-15.344329833984375,-12.916107177734375,17.698684692382812,0,0,0.0,0.0,3,139570,-0.013074965216219425,0.0846068263053894,3.4152493476867676
-15.344329833984375,-12.916107177734375,17.698684692382812,0,0,0.0,0.0,3,139670,-0.013232849538326263,0.08469916135072708,3.420527935028076
-15.344329833984375,-12.916107177734375,17.698684692382812,0,0,0.0,0.0,3,139770,-0.013192350044846535,0.08466198295354843,3.420527935028076
-15.446365356445312,-13.65008544921875,18.266599655151367,0,0,0.0,0.0,3,139870,-0.013152009807527065,0.08453970402479172,3.420527935028076
-15.446365356445312,-13.65008544921875,18.266599655151367,0,0,0.0,0.0,3,139970,-0.013290919363498688,0.08457282185554504,3.420527935028076
-15.446365356445312,-13.65008544921875,18.266599655151367,0,0,0.0,0.0,3,140070,-0.01328975334763527,0.08520795404911041,3.420527935028076
-15.446365356445312,-13.65008544921875,18.266599655151367,0,0,0.0,0.0,3,140170,-0.013382715173065662,0.0852990373969078,3.4152493476867676
-15.446365356445312,-13.65008544921875,18.266599655151367,0,0,0.0,0.0,3,140270,-0.013135612942278385,0.08503793925046921,3.4152493476867676
-15.309621810913086,-12.946075439453125,16.95496940612793,0,0,0.0,0.0,3,140370,-0.01254611648619175,0.08491108566522598,3.420527935028076
-15.309621810913086,-12.946075439453125,16.95496940612793,0,0,0.0,0.0,3,140470,-0.0129386056214571,0.08484101295471191,3.420527935028076
-15.309621810913086,-12.946075439453125,16.95496940612793,0,0,0.0,0.0,3,140570,-0.013466265052556992,0.08489898592233658,3.420527935028076
-15.309621810913086,-12.946075439453125,16.95496940612793,0,0,0.0,0.0,3,140670,-0.013813306577503681,0.08476459234952927,3.4152493476867676
-15.309621810913086,-12.946075439453125,16.95496940612793,0,0,0.0,0.0,3,140770,-0.01294784713536501,0.08473646640777588,3.420527935028076
-15.309621810913086,-12.946075439453125,16.95496940612793,0,0,0.0,0.0,3,140870,-0.012930396012961864,0.08477575331926346,3.420527935028076
-15.499786376953125,-13.896331787109375,20.29668426513672,0,0,0.0,0.0,3,140970,-0.012977448292076588,0.08494081348180771,3.420527935028076
-15.499786376953125,-13.896331787109375,20.29668426513672,0,0,0.0,0.0,3,141070,-0.0129953408613801,0.08501007407903671,3.4152493476867676
-15.499786376953125,-13.896331787109375,20.29668426513672,0,0,0.0,0.0,3,141170,-0.013289002701640129,0.08495499938726425,3.4152493476867676
-15.499786376953125,-13.896331787109375,20.29668426513672,0,0,0.0,0.0,3,141270,-0.013079192489385605,0.08495718985795975,3.420527935028076
-15.499786376953125,-13.896331787109375,20.29668426513672,0,0,0.0,0.0,3,141370,-0.01332355011254549,0.08476710319519043,3.420527935028076
-15.162790298461914,-12.322998046875,18.38572120666504,0,0,0.0,0.0,3,141470,-0.013046246953308582,0.08473914861679077,3.4152493476867676
-15.162790298461914,-12.322998046875,18.38572120666504,0,0,0.0,0.0,3,141570,-0.01348975207656622,0.0847068727016449,3.4152493476867676
-15.162790298461914,-12.322998046875,18.38572120666504,0,0,0.0,0.0,3,141670,-0.012807386927306652,0.0847833901643753,3.4152493476867676
-15.162790298461914,-12.322998046875,18.38572120666504,0,0,0.0,0.0,3,141770,-0.013127120211720467,0.084697425365448,3.4152493476867676
-15.162790298461914,-12.322998046875,18.38572120666504,0,0,0.0,0.0,3,141870,-0.013186766766011715,0.08472365140914917,3.4152493476867676
-15.05014419555664,-12.723541259765625,19.0284423828125,0,0,0.0,0.0,3,141970,-0.012903859838843346,0.08467558026313782,3.4152493476867676
-15.05014419555664,-12.723541259765625,19.0284423828125,0,0,0.0,0.0,3,142070,-0.012953524477779865,0.08469991385936737,3.4152493476867676
-15.05014419555664,-12.723541259765625,19.0284423828125,0,0,0.0,0.0,3,142170,-0.013030553236603737,0.0847095251083374,3.4152493476867676
-15.05014419555664,-12.723541259765625,19.0284423828125,0,0,0.0,0.0,3,142270,-0.013492551632225513,0.08466365933418274,3.420527935028076
-15.05014419555664,-12.723541259765625,19.0284423828125,0,0,0.0,0.0,3,142370,-0.013034570962190628,0.0846722200512886,3.4152493476867676
-15.054859161376953,-13.014404296875,20.97362518310547,0,0,0.0,0.0,3,142470,-0.013403389602899551,0.08467027544975281,3.4152493476867676
-15.054859161376953,-13.014404296875,20.97362518310547,0,0,0.0,0.0,3,142570,-0.013053791597485542,0.08466885983943939,3.420527935028076
-15.054859161376953,-13.014404296875,20.97362518310547,0,0,0.0,0.0,3,142670,-0.013089553453028202,0.08473552018404007,3.4152493476867676
-15.054859161376953,-13.014404296875,20.97362518310547,0,0,0.0,0.0,3,142770,-0.013980803079903126,0.08466867357492447,3.4152493476867676
-15.054859161376953,-13.014404296875,20.97362518310547,0,0,0.0,0.0,3,142870,-0.013488385826349258,0.084689661860466,3.4152493476867676
-15.054859161376953,-13.014404296875,20.97362518310547,0,0,0.0,0.0,3,142970,-0.014162729494273663,0.08470883965492249,3.4152493476867676
-15.116209030151367,-13.206817626953125,17.890562057495117,0,0,0.0,0.0,3,143070,-0.0142632145434618,0.08465275913476944,3.420527935028076
-15.116209030151367,-13.206817626953125,17.890562057495117,0,0,0.0,0.0,3,143170,-0.012969372794032097,0.08478367328643799,3.4152493476867676
-15.116209030151367,-13.206817626953125,17.890562057495117,0,0,0.0,0.0,3,143270,-0.013025123625993729,0.08486813306808472,3.4152493476867676
-15.116209030151367,-13.206817626953125,17.890562057495117,0,0,0.0,0.0,3,143370,-0.013591548427939415,0.08478961884975433,3.4152493476867676
-15.116209030151367,-13.206817626953125,17.890562057495117,0,0,0.0,0.0,3,143470,-0.0131301274523139,0.0847659558057785,3.4152493476867676
-15.24701976776123,-13.494171142578125,17.92160415649414,0,0,0.0,0.0,3,143570,-0.013633448630571365,0.08483850210905075,3.4152493476867676
-15.24701976776123,-13.494171142578125,17.92160415649414,0,0,0.0,0.0,3,143670,-0.01318377535790205,0.08483922481536865,3.4152493476867676
-15.24701976776123,-13.494171142578125,17.92160415649414,0,0,0.0,0.0,3,143770,-0.013202991336584091,0.08491409569978714,3.4152493476867676
-15.24701976776123,-13.494171142578125,17.92160415649414,0,0,0.0,0.0,3,143870,-0.013154072687029839,0.08482091873884201,3.4152493476867676
-15.24701976776123,-13.494171142578125,17.92160415649414,0,0,0.0,0.0,3,143970,-0.013654788956046104,0.08481935411691666,3.420527935028076
-15.14824390411377,-12.856109619140625,21.7767391204834,0,0,0.0,0.0,3,144070,-0.014135322533547878,0.08481946587562561,3.4152493476867676
-15.14824390411377,-12.856109619140625,21.7767391204834,0,0,0.0,0.0,3,144170,-0.01369848195463419,0.08480343967676163,3.4152493476867676
-15.14824390411377,-12.856109619140625,21.7767391204834,0,0,0.0,0.0,3,144270,-0.014118156395852566,0.0847664326429367,3.4152493476867676
-15.14824390411377,-12.856109619140625,21.7767391204834,0,0,0.0,0.0,3,144370,-0.014099174179136753,0.08473102003335953,3.4152493476867676
-15.14824390411377,-12.856109619140625,21.7767391204834,0,0,0.0,0.0,3,144470,-0.013756608590483665,0.08483568578958511,3.420527935028076
-15.248988151550293,-13.41229248046875,21.306045532226562,0,0,0.0,0.0,3,144570,-0.014172052033245564,0.08477899432182312,3.4152493476867676
-15.248988151550293,-13.41229248046875,21.306045532226562,0,0,0.0,0.0,3,144670,-0.01381140947341919,0.08483842015266418,3.4152493476867676
-15.248988151550293,-13.41229248046875,21.306045532226562,0,0,0.0,0.0,3,144770,-0.013354499824345112,0.08487644046545029,3.4152493476867676
-15.248988151550293,-13.41229248046875,21.306045532226562,0,0,0.0,0.0,3,144870,-0.013850137591362,0.08483061194419861,3.420527935028076
-15.248988151550293,-13.41229248046875,21.306045532226562,0,0,0.0,0.0,3,144970,-0.013380204327404499,0.08495631814002991,3.4152493476867676
-15.39979362487793,-13.6705322265625,17.66950798034668,0,0,0.0,0.0,3,145070,-0.013792810961604118,0.08486548811197281,3.4152493476867676
-15.39979362487793,-13.6705322265625,17.66950798034668,0,0,0.0,0.0,3,145170,-0.013375013135373592,0.08493288606405258,3.4152493476867676
-15.39979362487793,-13.6705322265625,17.66950798034668,0,0,0.0,0.0,3,145270,-0.014060791581869125,0.08504210412502289,3.4152493476867676
-15.39979362487793,-13.6705322265625,17.66950798034668,0,0,0.0,0.0,3,145370,-0.014504063874483109,0.08503888547420502,3.4152493476867676
-15.39979362487793,-13.6705322265625,17.66950798034668,0,0,0.0,0.0,3,145470,-0.014112102799117565,0.08506284654140472,3.4152493476867676
-15.39979362487793,-13.6705322265625,17.66950798034668,0,0,0.0,0.0,3,145570,-0.013960170559585094,0.08501105010509491,3.4152493476867676
-15.458781242370605,-13.506378173828125,17.53044891357422,0,0,0.0,0.0,3,145670,-0.013425572775304317,0.08561857044696808,3.4152493476867676
-15.458781242370605,-13.506378173828125,17.53044891357422,0,0,0.0,0.0,3,145770,-0.013985161669552326,0.08568396419286728,3.4152493476867676
-15.458781242370605,-13.506378173828125,17.53044891357422,0,0,0.0,0.0,3,145870,-0.01247464306652546,0.0857507586479187,3.4152493476867676
-15.458781242370605,-13.506378173828125,17.53044891357422,0,0,0.0,0.0,3,145970,-0.013044038787484169,0.08564942330121994,3.4152493476867676
-15.458781242370605,-13.506378173828125,17.53044891357422,0,0,0.0,0.0,3,146070,-0.01369007769972086,0.0854719877243042,3.4152493476867676
-15.189030647277832,-12.465576171875,18.412498474121094,0,0,0.0,0.0,3,146170,-0.013524678535759449,0.08561866730451584,3.409970760345459
-15.189030647277832,-12.465576171875,18.412498474121094,0,0,0.0,0.0,3,146270,-0.014078549109399319,0.08564820140600204,3.4152493476867676
-15.189030647277832,-12.465576171875,18.412498474121094,0,0,0.0,0.0,3,146371,-0.013632314279675484,0.08568643778562546,3.4152493476867676
-15.189030647277832,-12.465576171875,18.412498474121094,0,0,0.0,0.0,3,146470,-0.013697211630642414,0.0857568308711052,3.4152493476867676
-15.189030647277832,-12.465576171875,18.412498474121094,0,0,0.0,0.0,3,146570,-0.013717024587094784,0.08574692159891129,3.4152493476867676
-15.183180809020996,-13.075653076171875,19.99447250366211,0,0,0.0,0.0,3,146670,-0.013715635985136032,0.08601880073547363,3.409970760345459
-15.183180809020996,-13.075653076171875,19.99447250366211,0,0,0.0,0.0,3,146770,-0.014511413872241974,0.08562777936458588,3.4152493476867676
-15.183180809020996,-13.075653076171875,19.99447250366211,0,0,0.0,0.0,3,146870,-0.014064259827136993,0.08572738617658615,3.4152493476867676
-15.183180809020996,-13.075653076171875,19.99447250366211,0,0,0.0,0.0,3,146970,-0.01399549562484026,0.08562012016773224,3.4152493476867676
-15.183180809020996,-13.075653076171875,19.99447250366211,0,0,0.0,0.0,3,147070,-0.014138194732367992,0.08595018088817596,3.4152493476867676
-15.183180809020996,-13.075653076171875,19.99447250366211,0,0,0.0,0.0,3,147170,-0.014507116749882698,0.08567828685045242,3.4152493476867676
-15.377877235412598,-13.732391357421875,19.336009979248047,0,0,0.0,0.0,3,147270,-0.014153612777590752,0.08576897531747818,3.4152493476867676
-15.377877235412598,-13.732391357421875,19.336009979248047,0,0,0.0,0.0,3,147370,-0.013633064925670624,0.08611565828323364,3.4152493476867676
-15.377877235412598,-13.732391357421875,19.336009979248047,0,0,0.0,0.0,3,147470,-0.013886112719774246,0.08587110042572021,3.4152493476867676
-15.377877235412598,-13.732391357421875,19.336009979248047,0,0,0.0,0.0,3,147570,-0.013428589329123497,0.08635950833559036,3.4152493476867676
-15.377877235412598,-13.732391357421875,19.336009979248047,0,0,0.0,0.0,3,147670,-0.014166982844471931,0.08616632223129272,3.4152493476867676
-15.545647621154785,-13.8397216796875,17.187978744506836,0,0,0.0,0.0,3,147770,-0.014684190042316914,0.0862278863787651,3.4152493476867676
-15.545647621154785,-13.8397216796875,17.187978744506836,0,0,0.0,0.0,3,147870,-0.013852166011929512,0.08609418570995331,3.4152493476867676
-15.545647621154785,-13.8397216796875,17.187978744506836,0,0,0.0,0.0,3,147970,-0.01410067081451416,0.08603686094284058,3.4152493476867676
-15.545647621154785,-13.8397216796875,17.187978744506836,0,0,0.0,0.0,3,148070,-0.013757976703345776,0.08655350655317307,3.4152493476867676
-15.545647621154785,-13.8397216796875,17.187978744506836,0,0,0.0,0.0,3,148170,-0.013773844577372074,0.0863291472196579,3.4152493476867676
-15.688909530639648,-13.9281005859375,18.483131408691406,0,0,0.0,0.0,3,148270,-0.014668690040707588,0.08598282188177109,3.4152493476867676
-15.688909530639648,-13.9281005859375,18.483131408691406,0,0,0.0,0.0,3,148370,-0.014511154033243656,0.08600451797246933,3.4152493476867676
-15.688909530639648,-13.9281005859375,18.483131408691406,0,0,0.0,0.0,3,148470,-0.014739224687218666,0.0859910175204277,3.4152493476867676
-15.688909530639648,-13.9281005859375,18.483131408691406,0,0,0.0,0.0,3,148570,-0.014570346102118492,0.08621241897344589,3.4152493476867676
-15.688909530639648,-13.9281005859375,18.483131408691406,0,0,0.0,0.0,3,148670,-0.014596839435398579,0.08596399426460266,3.409970760345459
-15.68878173828125,-13.5921630859375,20.380964279174805,0,0,0.0,0.0,3,148770,-0.014080051332712173,0.08576121181249619,3.4152493476867676
-15.68878173828125,-13.5921630859375,20.380964279174805,0,0,0.0,0.0,3,148870,-0.01384824886918068,0.08630279451608658,3.4152493476867676
-15.68878173828125,-13.5921630859375,20.380964279174805,0,0,0.0,0.0,3,148970,-0.013870474882423878,0.08658962696790695,3.4152493476867676
-15.68878173828125,-13.5921630859375,20.380964279174805,0,0,0.0,0.0,3,149070,-0.015141935087740421,0.0859987810254097,3.4152493476867676
-15.68878173828125,-13.5921630859375,20.380964279174805,0,0,0.0,0.0,3,149170,-0.013846437446773052,0.08659802377223969,3.409970760345459
-15.68878173828125,-13.5921630859375,20.380964279174805,0,0,0.0,0.0,3,149270,-0.013816372491419315,0.08664115518331528,3.4152493476867676
-15.662854194641113,-13.504180908203125,20.177494049072266,0,0,0.0,0.0,3,149370,-0.014706127345561981,0.08663607388734818,3.4152493476867676
-15.662854194641113,-13.504180908203125,20.177494049072266,0,0,0.0,0.0,3,149470,-0.014342932030558586,0.08629080653190613,3.4152493476867676
-15.662854194641113,-13.504180908203125,20.177494049072266,0,0,0.0,0.0,3,149570,-0.01385118905454874,0.08634527772665024,3.4152493476867676
-15.662854194641113,-13.504180908203125,20.177494049072266,0,0,0.0,0.0,3,149670,-0.014396639540791512,0.08603569865226746,3.409970760345459
-15.662854194641113,-13.504180908203125,20.177494049072266,0,0,0.0,0.0,3,149770,-0.013936497271060944,0.08717699348926544,3.4152493476867676
-15.525443077087402,-13.087005615234375,20.10923957824707,0,0,0.0,0.0,3,149870,-0.014173944480717182,0.08661957085132599,3.4152493476867676
-15.525443077087402,-13.087005615234375,20.10923957824707,0,0,0.0,0.0,3,149970,-0.013911559246480465,0.0863930732011795,3.4152493476867676
-15.525443077087402,-13.087005615234375,20.10923957824707,0,0,0.0,0.0,3,150070,-0.01512937992811203,0.08723657578229904,3.4152493476867676
-15.525443077087402,-13.087005615234375,20.10923957824707,0,0,0.0,0.0,3,150170,-0.014258631505072117,0.08669273555278778,3.409970760345459
-15.525443077087402,-13.087005615234375,20.10923957824707,0,0,0.0,0.0,3,150270,-0.01402729656547308,0.08669238537549973,3.4152493476867676
-15.465448379516602,-13.2047119140625,18.702945709228516,0,0,0.0,0.0,3,150370,-0.014035011641681194,0.0867018774151802,3.409970760345459
-15.465448379516602,-13.2047119140625,18.702945709228516,0,0,0.0,0.0,3,150470,-0.01405396033078432,0.08721712231636047,3.4152493476867676
-15.465448379516602,-13.2047119140625,18.702945709228516,0,0,0.0,0.0,3,150570,-0.014952979981899261,0.08653027564287186,3.409970760345459
-15.465448379516602,-13.2047119140625,18.702945709228516,0,0,0.0,0.0,3,150670,-0.014351457357406616,0.08729314059019089,3.409970760345459
-15.465448379516602,-13.2047119140625,18.702945709228516,0,0,0.0,0.0,3,150770,-0.014599382877349854,0.0865163654088974,3.4152493476867676
-15.712457656860352,-14.1688232421875,16.862796783447266,0,0,0.0,0.0,3,150870,-0.014101264998316765,0.08731116354465485,3.4152493476867676
-15.712457656860352,-14.1688232421875,16.862796783447266,0,0,0.0,0.0,3,150970,-0.01484886184334755,0.08704449236392975,3.4152493476867676
-15.712457656860352,-14.1688232421875,16.862796783447266,0,0,0.0,0.0,3,151070,-0.014161454513669014,0.08734103292226791,3.4152493476867676
-15.712457656860352,-14.1688232421875,16.862796783447266,0,0,0.0,0.0,3,151170,-0.014178699813783169,0.08691981434822083,3.409970760345459
-15.712457656860352,-14.1688232421875,16.862796783447266,0,0,0.0,0.0,3,151270,-0.014227977953851223,0.08726819604635239,3.4152493476867676
-15.712457656860352,-14.1688232421875,16.862796783447266,0,0,0.0,0.0,3,151370,-0.014224971644580364,0.08753078430891037,3.409970760345459
-15.74020767211914,-13.682830810546875,18.529953002929688,0,0,0.0,0.0,3,151470,-0.015535536222159863,0.08640731126070023,3.409970760345459
-15.74020767211914,-13.682830810546875,18.529953002929688,0,0,0.0,0.0,3,151570,-0.014490259811282158,0.08693357557058334,3.4152493476867676
-15.74020767211914,-13.682830810546875,18.529953002929688,0,0,0.0,0.0,3,151670,-0.014280980452895164,0.08724600076675415,3.409970760345459
-15.74020767211914,-13.682830810546875,18.529953002929688,0,0,0.0,0.0,3,151770,-0.01432593259960413,0.087579146027565,3.409970760345459
-15.74020767211914,-13.682830810546875,18.529953002929688,0,0,0.0,0.0,3,151870,-0.014325719326734543,0.08728262037038803,3.4152493476867676
-15.583642959594727,-13.103424072265625,19.174175262451172,0,0,0.0,0.0,3,151970,-0.014381544664502144,0.08732664585113525,3.4152493476867676
-15.583642959594727,-13.103424072265625,19.174175262451172,0,0,0.0,0.0,3,152070,-0.014406464993953705,0.08737033605575562,3.4152493476867676
-15.583642959594727,-13.103424072265625,19.174175262451172,0,0,0.0,0.0,3,152170,-0.014402111060917377,0.08779630810022354,3.409970760345459
-15.583642959594727,-13.103424072265625,19.174175262451172,0,0,0.0,0.0,3,152270,-0.014372020028531551,0.08773662149906158,3.4152493476867676
-15.583642959594727,-13.103424072265625,19.174175262451172,0,0,0.0,0.0,3,152370,-0.014356458559632301,0.08735249191522598,3.409970760345459
-15.562677383422852,-13.399322509765625,18.55580711364746,0,0,0.0,0.0,3,152470,-0.014293806627392769,0.08730759471654892,3.4152493476867676
-15.562677383422852,-13.399322509765625,18.55580711364746,0,0,0.0,0.0,3,152570,-0.015104332007467747,0.08664355427026749,3.409970760345459
-15.562677383422852,-13.399322509765625,18.55580711364746,0,0,0.0,0.0,3,152670,-0.015082414261996746,0.0867384746670723,3.409970760345459
-15.562677383422852,-13.399322509765625,18.55580711364746,0,0,0.0,0.0,3,152770,-0.014404005371034145,0.08776311576366425,3.4152493476867676
-15.562677383422852,-13.399322509765625,18.55580711364746,0,0,0.0,0.0,3,152870,-0.014416646212339401,0.08726873248815536,3.4152493476867676
-15.562677383422852,-13.399322509765625,18.55580711364746,0,0,0.0,0.0,3,152970,-0.014422896318137646,0.08721379190683365,3.4152493476867676
-15.647592544555664,-13.728424072265625,19.33321762084961,0,0,0.0,0.0,3,153070,-0.014411360025405884,0.08752097189426422,3.4152493476867676
-15.647592544555664,-13.728424072265625,19.33321762084961,0,0,0.0,0.0,3,153170,-0.015161650255322456,0.08667325973510742,3.409970760345459
-15.647592544555664,-13.728424072265625,19.33321762084961,0,0,0.0,0.0,3,153270,-0.014435241930186749,0.0872960165143013,3.409970760345459
-15.647592544555664,-13.728424072265625,19.33321762084961,0,0,0.0,0.0,3,153370,-0.014795830473303795,0.08757427334785461,3.4152493476867676
-15.647592544555664,-13.728424072265625,19.33321762084961,0,0,0.0,0.0,3,153470,-0.014451034367084503,0.08776776492595673,3.409970760345459
-15.474081993103027,-12.944915771484375,18.827903747558594,0,0,0.0,0.0,3,153570,-0.01571253314614296,0.0872616246342659,3.409970760345459
-15.474081993103027,-12.944915771484375,18.827903747558594,0,0,0.0,0.0,3,153670,-0.01449112594127655,0.08755183219909668,3.409970760345459
-15.474081993103027,-12.944915771484375,18.827903747558594,0,0,0.0,0.0,3,153770,-0.014498066157102585,0.08723259717226028,3.4152493476867676
-15.474081993103027,-12.944915771484375,18.827903747558594,0,0,0.0,0.0,3,153870,-0.014498126693069935,0.08724694699048996,3.4152493476867676
-15.474081993103027,-12.944915771484375,18.827903747558594,0,0,0.0,0.0,3,153970,-0.014566655270755291,0.08808431029319763,3.4152493476867676
-15.472543716430664,-13.344451904296875,18.39181900024414,0,0,0.0,0.0,3,154070,-0.014596172608435154,0.0868586078286171,3.409970760345459
-15.472543716430664,-13.344451904296875,18.39181900024414,0,0,0.0,0.0,3,154170,-0.01583409123122692,0.08643855899572372,3.409970760345459
-15.472543716430664,-13.344451904296875,18.39181900024414,0,0,0.0,0.0,3,154270,-0.014600822702050209,0.0874246209859848,3.4152493476867676
-15.472543716430664,-13.344451904296875,18.39181900024414,0,0,0.0,0.0,3,154370,-0.014813132584095001,0.08738455921411514,3.409970760345459
-15.472543716430664,-13.344451904296875,18.39181900024414,0,0,0.0,0.0,3,154470,-0.014567295089364052,0.0874372124671936,3.409970760345459
-15.472543716430664,-13.344451904296875,18.39181900024414,0,0,0.0,0.0,3,154570,-0.014554652385413647,0.08741850405931473,3.409970760345459
-15.5380220413208,-13.57305908203125,18.9071044921875,0,0,0.0,0.0,3,154670,-0.015771815553307533,0.08616113662719727,3.409970760345459
-15.5380220413208,-13.57305908203125,18.9071044921875,0,0,0.0,0.0,3,154770,-0.014520696364343166,0.0870460569858551,3.4152493476867676
-15.5380220413208,-13.57305908203125,18.9071044921875,0,0,0.0,0.0,3,154870,-0.014536426402628422,0.08707256615161896,3.409970760345459
-15.5380220413208,-13.57305908203125,18.9071044921875,0,0,0.0,0.0,3,154970,-0.01458690781146288,0.08750414103269577,3.409970760345459
-15.5380220413208,-13.57305908203125,18.9071044921875,0,0,0.0,0.0,3,155070,-0.015381737612187862,0.08632878214120865,3.409970760345459
-15.521102905273438,-13.368560791015625,17.74396514892578,0,0,0.0,0.0,3,155170,-0.014654243364930153,0.0888475701212883,3.409970760345459
-15.521102905273438,-13.368560791015625,17.74396514892578,0,0,0.0,0.0,3,155270,-0.01682605966925621,0.08886216580867767,3.409970760345459
-15.521102905273438,-13.368560791015625,17.74396514892578,0,0,0.0,0.0,3,155370,-0.015729637816548347,0.08760695904493332,3.409970760345459
-15.521102905273438,-13.368560791015625,17.74396514892578,0,0,0.0,0.0,3,155471,-0.014760550111532211,0.08899936825037003,3.409970760345459
-15.521102905273438,-13.368560791015625,17.74396514892578,0,0,0.0,0.0,3,155570,-0.015513780526816845,0.08794031292200089,3.4152493476867676
-15.60608196258545,-13.681884765625,22.78105926513672,0,0,0.0,0.0,3,155670,-0.015823515132069588,0.08872469514608383,3.409970760345459
-15.60608196258545,-13.681884765625,22.78105926513672,0,0,0.0,0.0,3,155770,-0.015608835965394974,0.08794442564249039,3.409970760345459
-15.60608196258545,-13.681884765625,22.78105926513672,0,0,0.0,0.0,3,155870,-0.014873689971864223,0.08901221305131912,3.409970760345459
-15.60608196258545,-13.681884765625,22.78105926513672,0,0,0.0,0.0,3,155970,-0.015835175290703773,0.08866752684116364,3.409970760345459
-15.60608196258545,-13.681884765625,22.78105926513672,0,0,0.0,0.0,3,156070,-0.014884956181049347,0.08894115686416626,3.409970760345459
-15.60608196258545,-13.681884765625,22.78105926513672,0,0,0.0,0.0,3,156170,-0.015624048188328743,0.08838030695915222,3.409970760345459
-15.698458671569824,-13.782928466796875,19.521394729614258,0,0,0.0,0.0,3,156270,-0.01559070311486721,0.08864089846611023,3.409970760345459
-15.698458671569824,-13.782928466796875,19.521394729614258,0,0,0.0,0.0,3,156370,-0.014894779771566391,0.0886463150382042,3.409970760345459
-15.698458671569824,-13.782928466796875,19.521394729614258,0,0,0.0,0.0,3,156470,-0.01570824906229973,0.08964945375919342,3.4152493476867676
-15.698458671569824,-13.782928466796875,19.521394729614258,0,0,0.0,0.0,3,156570,-0.015959691256284714,0.08859716355800629,3.409970760345459
-15.698458671569824,-13.782928466796875,19.521394729614258,0,0,0.0,0.0,3,156670,-0.014991137199103832,0.0886535719037056,3.409970760345459
-16.039392471313477,-14.687164306640625,17.243282318115234,0,0,0.0,0.0,3,156770,-0.015945784747600555,0.08827661722898483,3.409970760345459
-16.039392471313477,-14.687164306640625,17.243282318115234,0,0,0.0,0.0,3,156870,-0.015662534162402153,0.08981175720691681,3.409970760345459
-16.039392471313477,-14.687164306640625,17.243282318115234,0,0,0.0,0.0,3,156970,-0.015052241273224354,0.08949360251426697,3.409970760345459
-16.039392471313477,-14.687164306640625,17.243282318115234,0,0,0.0,0.0,3,157070,-0.015083694830536842,0.08894428610801697,3.409970760345459
-16.039392471313477,-14.687164306640625,17.243282318115234,0,0,0.0,0.0,3,157170,-0.01512108463793993,0.08921491354703903,3.409970760345459
-16.242263793945312,-14.57391357421875,17.679855346679688,0,0,0.0,0.0,3,157270,-0.015125117264688015,0.08892714232206345,3.409970760345459
-16.242263793945312,-14.57391357421875,17.679855346679688,0,0,0.0,0.0,3,157370,-0.01597043313086033,0.08781889081001282,3.409970760345459
-16.242263793945312,-14.57391357421875,17.679855346679688,0,0,0.0,0.0,3,157470,-0.015162167139351368,0.08898787945508957,3.409970760345459
-16.242263793945312,-14.57391357421875,17.679855346679688,0,0,0.0,0.0,3,157570,-0.015206126496195793,0.08900155127048492,3.409970760345459
-16.242263793945312,-14.57391357421875,17.679855346679688,0,0,0.0,0.0,3,157670,-0.015206205658614635,0.08901407569646835,3.409970760345459
-16.39902114868164,-14.616363525390625,17.76480484008789,0,0,0.0,0.0,3,157770,-0.01674831658601761,0.08894995599985123,3.409970760345459
-16.39902114868164,-14.616363525390625,17.76480484008789,0,0,0.0,0.0,3,157870,-0.015243971720337868,0.0890657976269722,3.409970760345459
-16.39902114868164,-14.616363525390625,17.76480484008789,0,0,0.0,0.0,3,157970,-0.015271604992449284,0.08935441076755524,3.409970760345459
-16.39902114868164,-14.616363525390625,17.76480484008789,0,0,0.0,0.0,3,158070,-0.015267944894731045,0.0896487906575203,3.409970760345459
-16.39902114868164,-14.616363525390625,17.76480484008789,0,0,0.0,0.0,3,158170,-0.015149405226111412,0.08906423300504684,3.409970760345459
-16.39902114868164,-14.616363525390625,17.76480484008789,0,0,0.0,0.0,3,158270,-0.01606285758316517,0.08877098560333252,3.409970760345459
-16.208372116088867,-13.6202392578125,21.034259796142578,0,0,0.0,0.0,3,158370,-0.01565108634531498,0.08769544959068298,3.409970760345459
-16.208372116088867,-13.6202392578125,21.034259796142578,0,0,0.0,0.0,3,158470,-0.016008127480745316,0.08983317762613297,3.409970760345459
-16.208372116088867,-13.6202392578125,21.034259796142578,0,0,0.0,0.0,3,158570,-0.015272342599928379,0.08933546394109726,3.409970760345459
-16.208372116088867,-13.6202392578125,21.034259796142578,0,0,0.0,0.0,3,158670,-0.016041375696659088,0.08978007733821869,3.409970760345459
-16.208372116088867,-13.6202392578125,21.034259796142578,0,0,0.0,0.0,3,158770,-0.015220040455460548,0.08902965486049652,3.409970760345459
-16.127321243286133,-13.785980224609375,18.19747543334961,0,0,0.0,0.0,3,158870,-0.01619316264986992,0.08986016362905502,3.409970760345459
-16.127321243286133,-13.785980224609375,18.19747543334961,0,0,0.0,0.0,3,158970,-0.01528280321508646,0.08951219916343689,3.409970760345459
-16.127321243286133,-13.785980224609375,18.19747543334961,0,0,0.0,0.0,3,159070,-0.015324455685913563,0.08955484628677368,3.409970760345459
-16.127321243286133,-13.785980224609375,18.19747543334961,0,0,0.0,0.0,3,159170,-0.01600184291601181,0.08986212313175201,3.4046921730041504
-16.127321243286133,-13.785980224609375,18.19747543334961,0,0,0.0,0.0,3,159270,-0.01539888046681881,0.08903378248214722,3.409970760345459
-16.022192001342773,-13.622222900390625,17.862987518310547,0,0,0.0,0.0,3,159370,-0.01593143679201603,0.08906197547912598,3.409970760345459
-16.022192001342773,-13.622222900390625,17.862987518310547,0,0,0.0,0.0,3,159470,-0.015459357760846615,0.08912026137113571,3.409970760345459
-16.022192001342773,-13.622222900390625,17.862987518310547,0,0,0.0,0.0,3,159570,-0.01550100278109312,0.08937358856201172,3.409970760345459
-16.022192001342773,-13.622222900390625,17.862987518310547,0,0,0.0,0.0,3,159670,-0.01626657135784626,0.08983305841684341,3.409970760345459
-16.022192001342773,-13.622222900390625,17.862987518310547,0,0,0.0,0.0,3,159770,-0.015749318525195122,0.08983667194843292,3.409970760345459
-16.022192001342773,-13.622222900390625,17.862987518310547,0,0,0.0,0.0,3,159870,-0.016222424805164337,0.08865577727556229,3.409970760345459
-16.14789390563965,-14.2738037109375,20.135406494140625,0,0,0.0,0.0,3,159970,-0.016237622126936913,0.08977408707141876,3.409970760345459
-16.14789390563965,-14.2738037109375,20.135406494140625,0,0,0.0,0.0,3,160070,-0.016262833029031754,0.08977796882390976,3.409970760345459
-16.14789390563965,-14.2738037109375,20.135406494140625,0,0,0.0,0.0,3,160170,-0.015498114749789238,0.08977670967578888,3.409970760345459
-16.14789390563965,-14.2738037109375,20.135406494140625,0,0,0.0,0.0,3,160270,-0.015414790250360966,0.08929575234651566,3.409970760345459
-16.14789390563965,-14.2738037109375,20.135406494140625,0,0,0.0,0.0,3,160370,-0.015976350754499435,0.0898127555847168,3.409970760345459
-16.052431106567383,-13.66534423828125,19.394458770751953,0,0,0.0,0.0,3,160470,-0.015399823896586895,0.08961407840251923,3.409970760345459
-16.052431106567383,-13.66534423828125,19.394458770751953,0,0,0.0,0.0,3,160570,-0.015439143404364586,0.08935195952653885,3.409970760345459
-16.052431106567383,-13.66534423828125,19.394458770751953,0,0,0.0,0.0,3,160670,-0.017144229263067245,0.08906532824039459,3.4046921730041504
-16.052431106567383,-13.66534423828125,19.394458770751953,0,0,0.0,0.0,3,160770,-0.016340285539627075,0.08987285196781158,3.409970760345459
-16.052431106567383,-13.66534423828125,19.394458770751953,0,0,0.0,0.0,3,160870,-0.016101982444524765,0.0899379700422287,3.409970760345459
-15.861058235168457,-13.2587890625,20.927349090576172,0,0,0.0,0.0,3,160970,-0.016607746481895447,0.08910210430622101,3.4046921730041504
-15.861058235168457,-13.2587890625,20.927349090576172,0,0,0.0,0.0,3,161070,-0.01605798490345478,0.0899166464805603,3.409970760345459
-15.861058235168457,-13.2587890625,20.927349090576172,0,0,0.0,0.0,3,161170,-0.016083037480711937,0.08997726440429688,3.409970760345459
-15.861058235168457,-13.2587890625,20.927349090576172,0,0,0.0,0.0,3,161270,-0.01605376973748207,0.08995474874973297,3.409970760345459
-15.861058235168457,-13.2587890625,20.927349090576172,0,0,0.0,0.0,3,161370,-0.016432784497737885,0.0899830311536789,3.409970760345459
-15.861058235168457,-13.2587890625,20.927349090576172,0,0,0.0,0.0,3,161470,-0.01562443282455206,0.08973344415426254,3.409970760345459
-15.507646560668945,-12.519561767578125,19.85077476501465,0,0,0.0,0.0,3,161570,-0.016207920387387276,0.09002470970153809,3.409970760345459
-15.507646560668945,-12.519561767578125,19.85077476501465,0,0,0.0,0.0,3,161670,-0.01646450161933899,0.08998233824968338,3.4046921730041504
-15.507646560668945,-12.519561767578125,19.85077476501465,0,0,0.0,0.0,3,161770,-0.015606227330863476,0.08973754197359085,3.4046921730041504
-15.507646560668945,-12.519561767578125,19.85077476501465,0,0,0.0,0.0,3,161870,-0.015594257041811943,0.08970678597688675,3.409970760345459
-15.507646560668945,-12.519561767578125,19.85077476501465,0,0,0.0,0.0,3,161970,-0.01693313755095005,0.0899747759103775,3.409970760345459
-15.259767532348633,-12.518646240234375,20.39412498474121,0,0,0.0,0.0,3,162070,-0.016155801713466644,0.09000104665756226,3.409970760345459
-15.259767532348633,-12.518646240234375,20.39412498474121,0,0,0.0,0.0,3,162170,-0.01643258146941662,0.09002009779214859,3.4046921730041504
-15.259767532348633,-12.518646240234375,20.39412498474121,0,0,0.0,0.0,3,162270,-0.01673429273068905,0.08998869359493256,3.409970760345459
-15.259767532348633,-12.518646240234375,20.39412498474121,0,0,0.0,0.0,3,162370,-0.015671342611312866,0.08947907388210297,3.4046921730041504
-15.259767532348633,-12.518646240234375,20.39412498474121,0,0,0.0,0.0,3,162470,-0.016302715986967087,0.09009803831577301,3.409970760345459
-15.07725715637207,-12.4920654296875,18.14731788635254,0,0,0.0,0.0,3,162570,-0.015716997906565666,0.0898488238453865,3.4046921730041504
-15.07725715637207,-12.4920654296875,18.14731788635254,0,0,0.0,0.0,3,162670,-0.01670525223016739,0.09014914184808731,3.4046921730041504
-15.07725715637207,-12.4920654296875,18.14731788635254,0,0,0.0,0.0,3,162770,-0.01642942801117897,0.09017538279294968,3.4046921730041504
-15.07725715637207,-12.4920654296875,18.14731788635254,0,0,0.0,0.0,3,162870,-0.016860119998455048,0.09008979797363281,3.409970760345459
-15.07725715637207,-12.4920654296875,18.14731788635254,0,0,0.0,0.0,3,162970,-0.016569508239626884,0.09007999300956726,3.409970760345459
-15.07725715637207,-12.4920654296875,18.14731788635254,0,0,0.0,0.0,3,163070,-0.016904154792428017,0.09007426351308823,3.4046921730041504
-15.144072532653809,-13.14599609375,18.07282066345215,0,0,0.0,0.0,3,163170,-0.015823543071746826,0.0898294746875763,3.4046921730041504
-15.144072532653809,-13.14599609375,18.07282066345215,0,0,0.0,0.0,3,163270,-0.016775526106357574,0.09017099440097809,3.409970760345459
-15.144072532653809,-13.14599609375,18.07282066345215,0,0,0.0,0.0,3,163370,-0.016142504289746284,0.09016479551792145,3.409970760345459
-15.144072532653809,-13.14599609375,18.07282066345215,0,0,0.0,0.0,3,163470,-0.015818819403648376,0.08979639410972595,3.409970760345459
-15.144072532653809,-13.14599609375,18.07282066345215,0,0,0.0,0.0,3,163570,-0.016164055094122887,0.0901344045996666,3.409970760345459
-14.986629486083984,-12.46282958984375,20.80350685119629,0,0,0.0,0.0,3,163670,-0.01612907461822033,0.09008509665727615,3.4046921730041504
-14.986629486083984,-12.46282958984375,20.80350685119629,0,0,0.0,0.0,3,163770,-0.016440795734524727,0.09004496037960052,3.409970760345459
-14.986629486083984,-12.46282958984375,20.80350685119629,0,0,0.0,0.0,3,163870,-0.01671333983540535,0.09004777669906616,3.409970760345459
-14.986629486083984,-12.46282958984375,20.80350685119629,0,0,0.0,0.0,3,163970,-0.016688857227563858,0.08998594433069229,3.4046921730041504
-14.986629486083984,-12.46282958984375,20.80350685119629,0,0,0.0,0.0,3,164070,-0.01671069674193859,0.09001236408948898,3.4046921730041504
-14.92949104309082,-12.63287353515625,19.885543823242188,0,0,0.0,0.0,3,164170,-0.016464589163661003,0.09036639332771301,3.4046921730041504
-14.92949104309082,-12.63287353515625,19.885543823242188,0,0,0.0,0.0,3,164270,-0.016797605901956558,0.08931972086429596,3.4046921730041504
-14.92949104309082,-12.63287353515625,19.885543823242188,0,0,0.0,0.0,3,164370,-0.016478126868605614,0.09006794542074203,3.4046921730041504
-14.92949104309082,-12.63287353515625,19.885543823242188,0,0,0.0,0.0,3,164470,-0.017860477790236473,0.09001437574625015,3.4046921730041504
-14.92949104309082,-12.63287353515625,19.885543823242188,0,0,0.0,0.0,3,164570,-0.016710670664906502,0.09003454446792603,3.4046921730041504
-15.101381301879883,-13.341552734375,18.386133193969727,0,0,0.0,0.0,3,164670,-0.016731830313801765,0.09005367010831833,3.4046921730041504
-15.101381301879883,-13.341552734375,18.386133193969727,0,0,0.0,0.0,3,164770,-0.017449617385864258,0.090052030980587,3.409970760345459
-15.101381301879883,-13.341552734375,18.386133193969727,0,0,0.0,0.0,3,164870,-0.01682375930249691,0.09002376347780228,3.4046921730041504
-15.101381301879883,-13.341552734375,18.386133193969727,0,0,0.0,0.0,3,164970,-0.016256650909781456,0.09003465622663498,3.4046921730041504
-15.101381301879883,-13.341552734375,18.386133193969727,0,0,0.0,0.0,3,165070,-0.016549935564398766,0.08998549729585648,3.4046921730041504
-15.101381301879883,-13.341552734375,18.386133193969727,0,0,0.0,0.0,3,165170,-0.017027216032147408,0.08992177248001099,3.4046921730041504
-15.124004364013672,-13.00634765625,17.547012329101562,0,0,0.0,0.0,3,165270,-0.016514455899596214,0.08996333926916122,3.4046921730041504
-15.124004364013672,-13.00634765625,17.547012329101562,0,0,0.0,0.0,3,165371,-0.016809798777103424,0.08994069695472717,3.4046921730041504
-15.124004364013672,-13.00634765625,17.547012329101562,0,0,0.0,0.0,3,165470,-0.016885243356227875,0.09033595770597458,3.4046921730041504
-15.124004364013672,-13.00634765625,17.547012329101562,0,0,0.0,0.0,3,165570,-0.016556790098547935,0.09002290666103363,3.409970760345459
-15.124004364013672,-13.00634765625,17.547012329101562,0,0,0.0,0.0,3,165670,-0.016594145447015762,0.090382881462574,3.4046921730041504
-15.292534828186035,-13.5155029296875,19.724658966064453,0,0,0.0,0.0,3,165770,-0.016814297065138817,0.09003788232803345,3.4046921730041504
-15.292534828186035,-13.5155029296875,19.724658966064453,0,0,0.0,0.0,3,165870,-0.017471982166171074,0.09029656648635864,3.4046921730041504
-15.292534828186035,-13.5155029296875,19.724658966064453,0,0,0.0,0.0,3,165970,-0.015913398936390877,0.09001456946134567,3.4046921730041504
-15.292534828186035,-13.5155029296875,19.724658966064453,0,0,0.0,0.0,3,166070,-0.015934815630316734,0.08971795439720154,3.4046921730041504
-15.292534828186035,-13.5155029296875,19.724658966064453,0,0,0.0,0.0,3,166170,-0.016855021938681602,0.09028390794992447,3.4046921730041504
-15.390725135803223,-13.44964599609375,18.142824172973633,0,0,0.0,0.0,3,166270,-0.01694379933178425,0.09026729315519333,3.4046921730041504
-15.390725135803223,-13.44964599609375,18.142824172973633,0,0,0.0,0.0,3,166370,-0.016518231481313705,0.08989229053258896,3.4046921730041504
-15.390725135803223,-13.44964599609375,18.142824172973633,0,0,0.0,0.0,3,166470,-0.016534943133592606,0.08987913280725479,3.409970760345459
-15.390725135803223,-13.44964599609375,18.142824172973633,0,0,0.0,0.0,3,166570,-0.01578451134264469,0.08947199583053589,3.4046921730041504
-15.390725135803223,-13.44964599609375,18.142824172973633,0,0,0.0,0.0,3,166670,-0.016670918092131615,0.08993285894393921,3.4046921730041504
-15.390725135803223,-13.44964599609375,18.142824172973633,0,0,0.0,0.0,3,166770,-0.017613962292671204,0.0904105082154274,3.4046921730041504
-15.556674003601074,-13.783905029296875,21.477008819580078,0,0,0.0,0.0,3,166870,-0.01712525077164173,0.09040670841932297,3.4046921730041504
-15.556674003601074,-13.783905029296875,21.477008819580078,0,0,0.0,0.0,3,166970,-0.015905359759926796,0.08972974866628647,3.4046921730041504
-15.556674003601074,-13.783905029296875,21.477008819580078,0,0,0.0,0.0,3,167070,-0.017064033076167107,0.0899430587887764,3.4046921730041504
-15.556674003601074,-13.783905029296875,21.477008819580078,0,0,0.0,0.0,3,167170,-0.01700557954609394,0.09026975929737091,3.4046921730041504
-15.556674003601074,-13.783905029296875,21.477008819580078,0,0,0.0,0.0,3,167270,-0.016736667603254318,0.090327687561512,3.4046921730041504
-15.640645980834961,-13.669525146484375,17.282577514648438,0,0,0.0,0.0,3,167370,-0.016306424513459206,0.089972585439682,3.409970760345459
-15.640645980834961,-13.669525146484375,17.282577514648438,0,0,0.0,0.0,3,167470,-0.017589986324310303,0.09028933197259903,3.4046921730041504
-15.640645980834961,-13.669525146484375,17.282577514648438,0,0,0.0,0.0,3,167570,-0.0166074987500906,0.08993945270776749,3.4046921730041504
-15.640645980834961,-13.669525146484375,17.282577514648438,0,0,0.0,0.0,3,167670,-0.017016589641571045,0.08996947109699249,3.4046921730041504
-15.640645980834961,-13.669525146484375,17.282577514648438,0,0,0.0,0.0,3,167770,-0.01678887940943241,0.09036770462989807,3.4046921730041504
-15.477005004882812,-12.92938232421875,16.412561416625977,0,0,0.0,0.0,3,167870,-0.016881339251995087,0.09043744206428528,3.4046921730041504
-15.477005004882812,-12.92938232421875,16.412561416625977,0,0,0.0,0.0,3,167970,-0.018043166026473045,0.09043360501527786,3.4046921730041504
-15.477005004882812,-12.92938232421875,16.412561416625977,0,0,0.0,0.0,3,168070,-0.01693948730826378,0.09053921699523926,3.4046921730041504
-15.477005004882812,-12.92938232421875,16.412561416625977,0,0,0.0,0.0,3,168170,-0.017496200278401375,0.090580515563488,3.4046921730041504
-15.477005004882812,-12.92938232421875,16.412561416625977,0,0,0.0,0.0,3,168270,-0.017259569838643074,0.09018627554178238,3.4046921730041504
